{
	"class_name" : "PinholeCameraParameters",
	"extrinsic" : 
	[
		-0.93419504515190543,
		-0.12527069977841437,
		0.33404620846621763,
		0.0,
		-0.10892782314416834,
		-0.79146174110682643,
		-0.6014341540927185,
		0.0,
		0.33972687111663996,
		-0.59824373305633338,
		0.72573417233868809,
		0.0,
		0.0016788463759769279,
		-0.00091239301447965104,
		2.2851070090944208,
		1.0
	],
	"intrinsic" : 
	{
		"height" : 1080,
		"intrinsic_matrix" : 
		[
			935.30743608719376,
			0.0,
			0.0,
			0.0,
			935.30743608719376,
			0.0,
			959.5,
			539.5,
			1.0
		],
		"width" : 1920
	},
	"version_major" : 1,
	"version_minor" : 0
}